Workbook

Sheet RawData
A1: EmployeeCode | B1: Name | C1: Month | D1: TotalPresentDays | E1: Present | F1: WorkFromHome | G1: PaidLeave | H1: SickLeave | I1: BirthdayLeave | J1: FloatingFestivalLeave | K1: BereavementLeave | L1: LeaveWithoutPay | M1: WeeklyOff | N1: HolidayOff | O1: MenstrualLeave
A2: Atq -406 | B2: Thanos Thakur | C2: Apr 2022 | D2: 21 | E2: 21 | F2: 0 | G2: 0 | H2: 0 | I2: 0 | J2: 0 | K2: 0 | L2: 0 | M2: 9 | N2: 0 | O2: 0
A3: Atq -462 | B3: Jarvis Singh | C3: Apr 2022 | D3: 21 | E3: 21 | F3: 0 | G3: 0 | H3: 0 | I3: 0 | J3: 0 | K3: 0 | L3: 0 | M3: 9 | N3: 0 | O3: 0
A4: Atq -411 | B4: Nevaeh Waller | C4: Apr 2022 | D4: 21 | E4: 20 | F4: 1 | G4: 0 | H4: 0 | I4: 0 | J4: 0 | K4: 0 | L4: 0 | M4: 9 | N4: 0 | O4: 0
A5: Atq -398 | B5: Bo Cordova | C5: Apr 2022 | D5: 15 | E5: 12 | F5: 3 | G5: 6 | H5: 0 | I5: 0 | J5: 0 | K5: 0 | L5: 0 | M5: 9 | N5: 0 | O5: 1
A6: Atq -438 | B6: Mekhi Singleton | C6: Apr 2022 | D6: 21 | E6: 21 | F6: 0 | G6: 0 | H6: 0 | I6: 0 | J6: 0 | K6: 0 | L6: 0 | M6: 9 | N6: 0 | O6: 0
A7: Atq -366 | B7: Peter Pandey | C7: Apr 2022 | D7: 20 | E7: 20 | F7: 0 | G7: 1 | H7: 0 | I7: 0 | J7: 0 | K7: 0 | L7: 0 | M7: 9 | N7: 0 | O7: 0
A8: Atq -441 | B8: Loki Lal | C8: Apr 2022 | D8: 21 | E8: 21 | F8: 0 | G8: 0 | H8: 0 | I8: 0 | J8: 0 | K8: 0 | L8: 0 | M8: 9 | N8: 0 | O8: 0
A9: Atq -436 | B9: Phoenix Brady | C9: Apr 2022 | D9: 18 | E9: 18 | F9: 0 | G9: 3 | H9: 0 | I9: 0 | J9: 0 | K9: 0 | L9: 0 | M9: 9 | N9: 0 | O9: 0
A10: Atq -404 | B10: Ana Little | C10: Apr 2022 | D10: 15.5 | E10: 15.5 | F10: 0 | G10: 4.5 | H10: 1 | I10: 0 | J10: 0 | K10: 0 | L10: 0 | M10: 9 | N10: 0 | O10: 0
A11: Atq -397 | B11: Grace Stone | C11: Apr 2022 | D11: 20 | E11: 19 | F11: 1 | G11: 1 | H11: 0 | I11: 0 | J11: 0 | K11: 0 | L11: 0 | M11: 9 | N11: 0 | O11: 1
A12: Atq -335 | B12: Tori Shannon | C12: Apr 2022 | D12: 21 | E12: 21 | F12: 0 | G12: 0 | H12: 0 | I12: 0 | J12: 0 | K12: 0 | L12: 0 | M12: 9 | N12: 0 | O12: 0
A13: Atq -443 | B13: Lyric Bartlett | C13: Apr 2022 | D13: 21 | E13: 20 | F13: 1 | G13: 0 | H13: 0 | I13: 0 | J13: 0 | K13: 0 | L13: 0 | M13: 9 | N13: 0 | O13: 0
... A248: Atq -348 | B248: Zaiden Wheeler | C248: June 2022 | D248: 13 | E248: 0 | F248: 13 | G248: 0 | H248: 0 | I248: 0 | J248: 0 | K248: 0 | L248: 1 | M248: 8 | N248: 0 | O248: 0

Sheet Dashboard
B2: HR Attendance Dashboard — AtliQ (Apr-Jun 2022)
B3: Source: RawData sheet (74 employees x 3 months = 222 records) — all figures are live formulas
B5: Employees Tracked | C5: Avg Days Present/Mo | D5: Avg WFH Days/Mo | E5: Total Paid Leave Days | F5: Total Sick Leave Days | G5: Total Unpaid Leave Days
B6: =SUMPRODUCT(1/COUNTIF(RawData!$A$2:$A$248,RawData!$A$2:$A$248)) -> 74 | C6: =AVERAGE(RawData!$E$2:$E$248) -> 14.848178 | D6: =AVERAGE(RawData!$F$2:$F$248) -> 1.8340081 | E6: =SUM(RawData!$G$2:$G$248) -> 160 | F6: =SUM(RawData!$H$2:$H$248) -> 48 | G6: =SUM(RawData!$L$2:$L$248) -> 93.5
B9: Monthly Attendance Trend
B10: Month | C10: Avg Present | D10: Avg WFH | E10: Avg Paid Leave | F10: Avg Sick Leave | G10: Avg Unpaid Leave
B11: Apr 2022 | C11: =AVERAGEIF(RawData!$C$2:$C$248,"Apr 2022",RawData!$E$2:$E$248) -> 17.759494 | D11: =AVERAGEIF(RawData!$C$2:$C$248,"Apr 2022",RawData!$F$2:$F$248) -> 1.7531646 | E11: =AVERAGEIF(RawData!$C$2:$C$248,"Apr 2022",RawData!$G$2:$G$248) -> 0.56962025 | F11: =AVERAGEIF(RawData!$C$2:$C$248,"Apr 2022",RawData!$H$2:$H$248) -> 0.088607595 | G11: =AVERAGEIF(RawData!$C$2:$C$248,"Apr 2022",RawData!$L$2:$L$248) -> 0.2721519
B12: May 2022 | C12: =AVERAGEIF(RawData!$C$2:$C$248,"May 2022",RawData!$E$2:$E$248) -> 16.441176 | D12: =AVERAGEIF(RawData!$C$2:$C$248,"May 2022",RawData!$F$2:$F$248) -> 2.0470588 | E12: =AVERAGEIF(RawData!$C$2:$C$248,"May 2022",RawData!$G$2:$G$248) -> 1.0058824 | F12: =AVERAGEIF(RawData!$C$2:$C$248,"May 2022",RawData!$H$2:$H$248) -> 0.34117647 | G12: =AVERAGEIF(RawData!$C$2:$C$248,"May 2022",RawData!$L$2:$L$248) -> 0.41176471
B13: June 2022 | C13: =AVERAGEIF(RawData!$C$2:$C$248,"June 2022",RawData!$E$2:$E$248) -> 10.445783 | D13: =AVERAGEIF(RawData!$C$2:$C$248,"June 2022",RawData!$F$2:$F$248) -> 1.6927711 | E13: =AVERAGEIF(RawData!$C$2:$C$248,"June 2022",RawData!$G$2:$G$248) -> 0.35542169 | F13: =AVERAGEIF(RawData!$C$2:$C$248,"June 2022",RawData!$H$2:$H$248) -> 0.14457831 | G13: =AVERAGEIF(RawData!$C$2:$C$248,"June 2022",RawData!$L$2:$L$248) -> 0.44578313
B16: Top 10 Employees by Total Leave (Apr-Jun 2022)
B17: Rank | C17: Employee | D17: Total Paid+Sick+Unpaid Leave
B18: 1 | C18: Kaylah Schultz | D18: =SUMIF(RawData!$B$2:$B$248,"Kaylah Schultz",RawData!$G$2:$G$248)+SUMIF(RawData!$B$2:$B$248,"Kaylah Schultz",RawData!$H$2:$H$248)+SUMIF(RawData!$B$2:$B$248,"Kaylah Schultz",RawData!$L$2:$L$248) -> 16
B19: 2 | C19: Miley Combs | D19: =SUMIF(RawData!$B$2:$B$248,"Miley Combs",RawData!$G$2:$G$248)+SUMIF(RawData!$B$2:$B$248,"Miley Combs",RawData!$H$2:$H$248)+SUMIF(RawData!$B$2:$B$248,"Miley Combs",RawData!$L$2:$L$248) -> 16
B20: 3 | C20: Ayanna Atkins | D20: =SUMIF(RawData!$B$2:$B$248,"Ayanna Atkins",RawData!$G$2:$G$248)+SUMIF(RawData!$B$2:$B$248,"Ayanna Atkins",RawData!$H$2:$H$248)+SUMIF(RawData!$B$2:$B$248,"Ayanna Atkins",RawData!$L$2:$L$248) -> 13
B21: 4 | C21: Ana Little | D21: =SUMIF(RawData!$B$2:$B$248,"Ana Little",RawData!$G$2:$G$248)+SUMIF(RawData!$B$2:$B$248,"Ana Little",RawData!$H$2:$H$248)+SUMIF(RawData!$B$2:$B$248,"Ana Little",RawData!$L$2:$L$248) -> 12
B22: 5 | C22: Madelynn Gray | D22: =SUMIF(RawData!$B$2:$B$248,"Madelynn Gray",RawData!$G$2:$G$248)+SUMIF(RawData!$B$2:$B$248,"Madelynn Gray",RawData!$H$2:$H$248)+SUMIF(RawData!$B$2:$B$248,"Madelynn Gray",RawData!$L$2:$L$248) -> 10.5
B23: 6 | C23: Trystan Ortega | D23: =SUMIF(RawData!$B$2:$B$248,"Trystan Ortega",RawData!$G$2:$G$248)+SUMIF(RawData!$B$2:$B$248,"Trystan Ortega",RawData!$H$2:$H$248)+SUMIF(RawData!$B$2:$B$248,"Trystan Ortega",RawData!$L$2:$L$248) -> 10
B24: 7 | C24: Gregory Carr | D24: =SUMIF(RawData!$B$2:$B$248,"Gregory Carr",RawData!$G$2:$G$248)+SUMIF(RawData!$B$2:$B$248,"Gregory Carr",RawData!$H$2:$H$248)+SUMIF(RawData!$B$2:$B$248,"Gregory Carr",RawData!$L$2:$L$248) -> 10
B25: 8 | C25: Emma Freeman | D25: =SUMIF(RawData!$B$2:$B$248,"Emma Freeman",RawData!$G$2:$G$248)+SUMIF(RawData!$B$2:$B$248,"Emma Freeman",RawData!$H$2:$H$248)+SUMIF(RawData!$B$2:$B$248,"Emma Freeman",RawData!$L$2:$L$248) -> 9
B26: 9 | C26: Joel Cruz | D26: =SUMIF(RawData!$B$2:$B$248,"Joel Cruz",RawData!$G$2:$G$248)+SUMIF(RawData!$B$2:$B$248,"Joel Cruz",RawData!$H$2:$H$248)+SUMIF(RawData!$B$2:$B$248,"Joel Cruz",RawData!$L$2:$L$248) -> 9
B27: 10 | C27: Nick Orozco | D27: =SUMIF(RawData!$B$2:$B$248,"Nick Orozco",RawData!$G$2:$G$248)+SUMIF(RawData!$B$2:$B$248,"Nick Orozco",RawData!$H$2:$H$248)+SUMIF(RawData!$B$2:$B$248,"Nick Orozco",RawData!$L$2:$L$248) -> 8
B30: Note: KPI cards and trend table use live SUMIF/AVERAGEIF/SUMPRODUCT formulas referencing RawData. Top-10 ranking order is fixed (computed once from the source data) but each leave total still recalculates live via SUMIF. Source: AtliQ attendance workbook, consolidated via /python/consolidate_attendance.py.
